﻿{
	"id": "Rezillo.slugSpider",
	"name": "Soporific the spider slugcat",
	"version": "0.1.4",
	"authors": "RezilloRyker",
	"description": "Soporific the Slugcat that can shoot darts that put other living things to sleep.<LINE>You only eat meat as plants will not provide food for you. Your bite is powerful but risk waking them.<LINE>This Mod has Remix menu.<LINE>Select Mod on left to get more options.<LINE><LINE>Credits: Special thanks to, bro, Fish, LastCherry, o645, Jim, Slime_Cubed, WillowWisp, and Vigaro!<LINE>Art done by Artistica.us",
	"requirements": [ "slime-cubed.slugbase" ],
	"requirements_names": [ "SlugBase" ]
}
