{
	"id": "Slugcat_slugSpiderDartSleep",
	"scene_folder": "scenes/slugcat - slugSpiderDartSleep",
	"images": [
		{
			"name": "Background",
			"pos": [ 400, 297 ],
			"depth": 3.7,
			"shader": "Basic"
		},
		{
			"name": "Background3",
			"pos": [ 400, 297 ],
			"depth": 3.5,
			"shader": "Basic"
		},
		{
			"name": "Background2",
			"pos": [ 400, 297 ],
			"depth": 3.3,
			"shader": "Basic"
		},
		{
			"name": "Slugcat",
			"pos": [ 400, 297 ],
			"depth": 3,
			"shader": "Basic"
		},
		{
			"name": "Background1",
			"pos": [ 400, 297 ],
			"depth": 1.8,
			"shader": "Basic"
		}
	],
	"idle_depths": [ 1.8 ],
	"glow_pos": [ 488, 484 ],
	"mark_pos": [ 489, 583 ],
	"select_menu_pos": [ 0, 0 ],
	"slugcat_depth": 3.0
}