{
	"id": "slugSpiderDartSleep",
	"name": "Soporific",
	"description": "Soporific, The Spider like Slugcat that you shoot out darts to stun your enemies.<LINE>You only eat meat. Your bite is powerful but risk waking them up.",
	"features": {
		"color": "402692",
		"custom_colors": [
			{
				"name": "Body",
				"story": "402692"
			},
			{
				"name": "Eyes",
				"story": "ffffff"
			}
		],
		"slugSpiderDartSleep/Spider_Spit": true,
		"slugSpiderDartSleep/super_crawl": true,
		"slugSpiderDartSleep/super_jump": 0.25,
		"world_state": [ "Artificer", "Red" ],
		"guide_overseer": 1,
		"weight": 1.5,
		"back_spear": true,
		"can_maul": true,
		"maul_damage": 5,
		"diet": {
			"base": "White",
			"corpses": 1,
			"meat": 0.5,
			"plants": -1,
			"overrides": {
				"Neuron": 1,
				"Popcorn": 0
			}
		},
		"alignments": {
			"Scavengers": { "like": -0.4 }
		},
			"food_min": 8,
			"food_max": 16,
			"tunnel_speed": [ 3, 2.8 ],
			"climb_speed": [ 2.5, 2 ],
			"select_menu_scene": "Slugcat_slugSpiderDartSleep",
			"select_menu_scene_ascended": "Ghost_slugSpiderDartSleep"
		}
	}